id,conversation_id,created_at,date,time,timezone,user_id,username,name,place,tweet,language,mentions,urls,photos,replies_count,retweets_count,likes_count,hashtags,cashtags,link,retweet,quote_url,video,thumbnail,near,geo,source,user_rt_id,user_rt,retweet_id,reply_to,retweet_date,translate,trans_src,trans_dest
1211777611170549760,1211692451242631168,2019-12-31 04:04:30 IST,2019-12-31,04:04:30,+0530,860793234,jeannielee88,JeannieLee@CBC,,"Also, MacDonald &amp; Dettwiler started their business in - what else? - a garage  Other notable enterprises launched in garages: Amazon, Apple, Dell, Disney, Google, Harley Davidson, Mattel; Microsoft  $MAXR $AMZN $AAPL $DELL $DIS $GOOGL $HOG $MAT $MSFT  #cdnbiz  https://t.co/dMTls4Iwmk",en,[],[],['https://pbs.twimg.com/tweet_video_thumb/ENEZT9qXkAY-3PM.jpg'],1,0,5,['cdnbiz'],"['maxr', 'amzn', 'aapl', 'dell', 'dis', 'googl', 'hog', 'mat', 'msft']",https://twitter.com/JeannieLee88/status/1211777611170549760,False,,1,https://pbs.twimg.com/tweet_video_thumb/ENEZT9qXkAY-3PM.jpg,,,,,,,[],,,,
1198619884399333376,1198619884399333376,2019-11-24 20:40:24 IST,2019-11-24,20:40:24,+0530,22258623,jewelrymandave,David T. Salerno,,"Solid Sterling Silver Motorcycle Charm, Harley Davidson Charm, Rider, Hog, Bike, Cycle, Hell's Angels, Necklace Charm, Bracelet Charm, Biker  https://t.co/yvWgU0NyOU via @Etsy",en,"[{'screen_name': 'etsy', 'name': 'etsy', 'id': '11522502'}]",['https://etsy.me/2pKOgIz'],[],0,7,6,[],[],https://twitter.com/jewelrymandave/status/1198619884399333376,False,,0,,,,,,,,[],,,,
1196963453530980352,1196963453530980352,2019-11-20 06:58:20 IST,2019-11-20,06:58:20,+0530,836791621987479556,vintagevanshop,Vintage Van Shop,,Reworked Harley Davidson Motorcycles Hog Wild Flames Biker Bab by VintageVanShop  https://t.co/JS2dxk6R9l via @Etsy,en,"[{'screen_name': 'etsy', 'name': 'etsy', 'id': '11522502'}]",['https://etsy.me/2rXYpCt'],[],0,13,7,[],[],https://twitter.com/VintageVanShop/status/1196963453530980352,False,,0,,,,,,,,[],,,,
1196541088166764544,1196541088166764544,2019-11-19 03:00:00 IST,2019-11-19,03:00:00,+0530,28123142,12newsnow,12NewsNow,,"HEARTWARMING üíï Children in Southeast Texas hospitals woke up to a special gift this morning. The Cowboy Harley-Davidson Hog Chapter of Beaumont participated in their 3rd annual Teddy Bear Run + delivered 1,000 teddy bears to muscular dystrophy patients.  https://t.co/5qmzDYFzpz",en,[],['https://www.12newsnow.com/article/life/heartwarming/bikers-deliver-1000-teddy-bears-to-children-in-hospitals-across-southeast-texas/502-e020b938-41d0-4c83-a764-3b937fe41dfa'],[],1,3,11,[],[],https://twitter.com/12NewsNow/status/1196541088166764544,False,,0,,,,,,,,[],,,,
1194135980048932864,1194135980048932864,2019-11-12 11:42:58 IST,2019-11-12,11:42:58,+0530,363769472,trillgrandpa,Fontaine Belafonte,,"*in heaven, at a round table discussion with history's greatest philosophers*   ""Many Harley Davidson owners call themselves hog riders, though I would never want my hog to be ridden by one""  *everyone nods*",en,[],[],[],0,1,6,[],[],https://twitter.com/TrillGrandpa/status/1194135980048932864,False,,0,,,,,,,,[],,,,
1194113132744056832,1194113132744056832,2019-11-12 10:12:11 IST,2019-11-12,10:12:11,+0530,876045241,robertpatrickt2,Robert Patrick üá∫üá∏,,Hog Wild! Harley-Davidson Just Debuted Two New Bikes With Liquid-Cooled Engines  https://t.co/mlEjQAw00g via @RobbReport,en,"[{'screen_name': 'robbreport', 'name': 'robbreport', 'id': '45894866'}]",['https://robbreport.com/motors/motorcycles/hog-wild-harley-davidson-just-debuted-two-new-bikes-with-liquid-cooled-engines-2878549/#utm_medium=social&utm_source=twitter&utm_campaign=social_bar&utm_content=bottom&utm_id=2878549'],[],0,0,24,[],[],https://twitter.com/robertpatrickT2/status/1194113132744056832,False,,0,,,,,,,,[],,,,
1191388185382858755,1191388185382858755,2019-11-04 21:44:12 IST,2019-11-04,21:44:12,+0530,69183155,detikcom,detikcom,,"Bikers Harley-Davidson Owner Group (HOG) Anak Elang akan touring Cikampek Bali di musim hujan. Bagi bikers moge, hujan tak jadi masalah. Ini lho kata mereka: #Moge #HarleyDavidson  via @detikoto  https://t.co/pAkIJtB1Pb",in,"[{'screen_name': 'detikoto', 'name': 'detikoto', 'id': '80543284'}]",['https://oto.detik.com/motor/d-4770949/bikers-moge-hadapi-cuaca-hujan-tak-kepanasan-panas-tak-kehujanan?utm_content=detikoto&utm_term=echobox&utm_medium=oa&utm_campaign=detikcomsocmed&utm_source=Twitter#Echobox=1572840839'],[],4,4,16,"['moge', 'harleydavidson']",[],https://twitter.com/detikcom/status/1191388185382858755,False,,0,,,,,,,,[],,,,
1190546606665478144,1190546606665478144,2019-11-02 14:00:04 IST,2019-11-02,14:00:04,+0530,38160734,hogeurope,"HOGEurope,ME&Africa",,From the Archives ‚Äì a look at how a Harley-Davidson dealership looked in 1930! How times have changed... #HarleyDavidson #HOG #HarleyOwnersGroup #Motorcycle #Biker #Bikerlife #Archives #Dealership  https://t.co/xhOtHXeC63,en,[],[],['https://pbs.twimg.com/media/EIWr1EJWsAAzdZW.jpg'],1,2,14,"['harleydavidson', 'hog', 'harleyownersgroup', 'motorcycle', 'biker', 'bikerlife', 'archives', 'dealership']",[],https://twitter.com/HOGEurope/status/1190546606665478144,False,,1,https://pbs.twimg.com/media/EIWr1EJWsAAzdZW.jpg,,,,,,,[],,,,
1186637144565178369,1186637144565178369,2019-10-22 19:05:16 IST,2019-10-22,19:05:16,+0530,114782468,carlquintanilla,Carl Quintanilla,,"* HARLEY-DAVIDSON SAYS EXPECTS BUSINESS TO REMAIN UNDER PRESSURE AS U.S. AND DEVELOPED INTERNATIONAL MARKETS CONTINUE TO FACE SUBSTANTIAL HEADWINDS - CONF. CALL  (via @reuters) $HOG  (Stock still up 7.4%, on earnings beat)",en,"[{'screen_name': 'reuters', 'name': 'reuters', 'id': '1652541'}]",[],[],3,2,15,[],['hog'],https://twitter.com/carlquintanilla/status/1186637144565178369,False,,0,,,,,,,,[],,,,
1186589795448958976,1186589795448958976,2019-10-22 15:57:07 IST,2019-10-22,15:57:07,+0530,857693619406467072,gualestrit,Gualestrit,,Resultados üî• antes de la apertura:  ‚ñ™Ô∏è McDonald's $MCD ‚ñ™Ô∏è Procter &amp; Gamble $PG ‚ñ™Ô∏è Lockheed Martin $LMT ‚ñ™Ô∏è UPS $UPS ‚ñ™Ô∏è United Technologies $UTX ‚ñ™Ô∏è Biogen $BIIB ‚ñ™Ô∏è Hasbro $HAS ‚ñ™Ô∏è JetBlue $JBLU ‚ñ™Ô∏è Harley-Davidson $HOG ‚ñ™Ô∏è Kimberly-Clark $KMB ‚ñ™Ô∏è Travelers $TRV,en,[],[],[],2,17,32,[],"['mcd', 'pg', 'lmt', 'ups', 'utx', 'biib', 'has', 'jblu', 'hog', 'kmb', 'trv']",https://twitter.com/gualestrit/status/1186589795448958976,False,,0,,,,,,,,[],,,,
1183803976967446528,1183803976967446528,2019-10-14 23:27:16 IST,2019-10-14,23:27:16,+0530,857693619406467072,gualestrit,Gualestrit,,Harley Davidson suspende temporalmente la producci√≥n de su moto el√©ctrica por problemas de control de calidad.  $HOG   https://t.co/hnFi8MVd7c,es,[],['https://www.wsj.com/articles/harley-davidson-halts-electric-motorcycle-production-11571073048'],[],1,12,9,[],['hog'],https://twitter.com/gualestrit/status/1183803976967446528,False,,0,,,,,,,,[],,,,
1183792670004658186,1183792670004658186,2019-10-14 22:42:20 IST,2019-10-14,22:42:20,+0530,59393368,livesquawk,LiveSquawk,,$HOG Harley-Davidson Halts Electric Motorcycle Production ‚Äì WSJ  https://t.co/UE6fMROGls,en,[],['https://www.wsj.com/articles/harley-davidson-halts-electric-motorcycle-production-11571073048?mod=searchresults&page=1&pos=1'],[],0,7,8,[],['hog'],https://twitter.com/LiveSquawk/status/1183792670004658186,False,,0,,,,,,,,[],,,,
1183475595289780225,1183475595289780225,2019-10-14 01:42:24 IST,2019-10-14,01:42:24,+0530,1171099180342894592,paktimestweets,The Pakistan Times,,Harley Davidson Bike Rally in support of Shaukat Khanum Breast Cancer Awareness Campaign.  Ride For Cause Pakistan Strings Faysal Quraishi Aijazz Aslam The Iron Brotherhood - MC The Tribe ‚ÄòMC‚ÄôHOG Karachi Fresolz Infinity Hub Sportster Squad #HOGXplorer  https://t.co/SpWPI3QH1c,en,[],[],"['https://pbs.twimg.com/media/EGyMw8mXkAM1rBV.jpg', 'https://pbs.twimg.com/media/EGyMw8xXkAI-u7y.jpg', 'https://pbs.twimg.com/media/EGyMw8dWwAA45dr.jpg', 'https://pbs.twimg.com/media/EGyMw8lX4AADN4c.jpg']",3,7,65,['hogxplorer'],[],https://twitter.com/PakTimesTweets/status/1183475595289780225,False,,1,https://pbs.twimg.com/media/EGyMw8mXkAM1rBV.jpg,,,,,,,[],,,,
1177648028481675265,1177648028481675265,2019-09-27 23:45:44 IST,2019-09-27,23:45:44,+0530,971324375646470145,alfapoweruk,Alfa Power,,"*CHARGE YOUR HOG!*  With the fully electric Harley-Davidson LiveWire launching soon, we are excited to have installed a 25 kW DC Wallbox at Sycamore Harley-Davidson, Uppingham, LE15 9RN.  #HarleyDavidson #EV  https://t.co/mcN563VR72",en,[],[],"['https://pbs.twimg.com/media/EFfYozgX0AEgGbk.jpg', 'https://pbs.twimg.com/media/EFfYozgWoAAneW1.jpg']",2,4,42,"['harleydavidson', 'ev']",[],https://twitter.com/alfapoweruk/status/1177648028481675265,False,,1,https://pbs.twimg.com/media/EFfYozgX0AEgGbk.jpg,,,,,,,[],,,,
1174066759734910976,1174066759734910976,2019-09-18 02:35:03 IST,2019-09-18,02:35:03,+0530,22258623,jewelrymandave,David T. Salerno,,"Solid Sterling Silver Motorcycle Charm, Harley Davidson Charm, Rider, Hog, Bike, Cycle, Hell's Angels, Necklace Charm, Bracelet Charm, Biker  https://t.co/VCWRsT84vM #jewelrymandave #Etsy #HarleyCharm  https://t.co/JdaF4psqSg",en,[],['http://tuppu.net/e80bb1ce'],['https://pbs.twimg.com/media/EEsffwCWsAIE1nz.jpg'],0,5,5,"['jewelrymandave', 'etsy', 'harleycharm']",[],https://twitter.com/jewelrymandave/status/1174066759734910976,False,,1,https://pbs.twimg.com/media/EEsffwCWsAIE1nz.jpg,,,,,,,[],,,,
1169581670632218625,1169581670632218625,2019-09-05 17:32:54 IST,2019-09-05,17:32:54,+0530,37960384,patsavageband,Pat Savage üá®üá¶,,‚ÄúPat performed for us at the 5th National HOG Rally and absolutely knocked us out with his words about our Harley Davidson lifestyle. 26 HOG Chapters were in attendance and all agree: Pat Savage is The King Of Biker Music! @puribikram   Bikram Puri National HOG Director India  https://t.co/XM800XJDeK,en,"[{'screen_name': 'puribikram', 'name': 'bikram puri', 'id': '561369189'}]",[],['https://pbs.twimg.com/media/EDswU_6XkAAo46e.jpg'],0,3,8,[],[],https://twitter.com/patsavageband/status/1169581670632218625,False,,1,https://pbs.twimg.com/media/EDswU_6XkAAo46e.jpg,,,,,,,[],,,,
1167428589492547584,1167428589492547584,2019-08-30 18:57:20 IST,2019-08-30,18:57:20,+0530,226123287,harley_italia,Harley-Davidson IT,,"In occasione della 3¬™ edizione del raduno benefico ‚ÄúRun delle Valli‚Äù, Harley-Davidson Italia e HOG sono stati lieti di portare solidariet√† alle popolazioni del centro Italia e di consegnare una targa commemorativa a favore delle vittime del terremoto.    https://t.co/kl8Of5zX4W  https://t.co/i8g0ll0p2v",it,[],['http://bit.ly/H-D-motori-e-solidariet√†'],"['https://pbs.twimg.com/media/EDOKHBDX4AAL2L6.jpg', 'https://pbs.twimg.com/media/EDOKHNvXUAA66AB.jpg', 'https://pbs.twimg.com/media/EDOKHXsXkAAizsy.jpg']",0,1,12,[],[],https://twitter.com/Harley_Italia/status/1167428589492547584,False,,1,https://pbs.twimg.com/media/EDOKHBDX4AAL2L6.jpg,,,,,,,[],,,,
1165840504849936385,1165840504849936385,2019-08-26 09:46:51 IST,2019-08-26,09:46:51,+0530,906328017986899968,the_chart_life,"Ian McMillan, CMT",,"$HOG Harley-Davidson ...If you were looking for a fresh entry/setup to short this thing, here ya go.  https://t.co/9fBzeWXYVa",en,[],[],['https://pbs.twimg.com/media/EC3lwj8WkAI9zrS.jpg'],1,2,28,[],['hog'],https://twitter.com/the_chart_life/status/1165840504849936385,False,,1,https://pbs.twimg.com/media/EC3lwj8WkAI9zrS.jpg,,,,,,,[],,,,
1163515839393521666,1163515839393521666,2019-08-19 23:49:27 IST,2019-08-19,23:49:27,+0530,37960384,patsavageband,Pat Savage üá®üá¶,,"Ray Weishaar was one of the best known motorcycle racing stars of the 1910s &amp; 1920s. He rode the board &amp; dirt tracks for the Harley-Davidson factory racing team. Weishaar is seen here with the famous team Harley ""hog"" mascot on the tank of his bike.   https://t.co/osieYjlBc4  https://t.co/CFsUpy4aG7",en,[],['https://thesavageroads.blogspot.com/2013/09/hog-wild-over-harley-davidson-hog-boys.html'],['https://pbs.twimg.com/media/ECWjfDPXsAAYBkN.jpg'],2,5,15,[],[],https://twitter.com/patsavageband/status/1163515839393521666,False,,1,https://pbs.twimg.com/media/ECWjfDPXsAAYBkN.jpg,,,,,,,[],,,,
1161653706376396800,1161653706376396800,2019-08-14 20:30:00 IST,2019-08-14,20:30:00,+0530,20119344,greenbackd,Tobias Carlisle,,"""Better than a monopoly is a pseudo-monopoly. Because they don‚Äôt have the legal pressure of it. I‚Äôll give you a good example, is $HOG. Harley-Davidson does not make motorcycles. Harley-Davidson makes Harley-Davidsons, and they‚Äôre the only one who does that.""  @EddyElfenbein",en,"[{'screen_name': 'eddyelfenbein', 'name': 'eddy elfenbein', 'id': '41516710'}]",[],[],2,5,31,[],['hog'],https://twitter.com/Greenbackd/status/1161653706376396800,False,https://twitter.com/acquirersx/status/1161565468232159232,0,,,,,,,,[],,,,
1159130371163918336,1159130371163918336,2019-08-07 21:23:10 IST,2019-08-07,21:23:10,+0530,37960384,patsavageband,Pat Savage üá®üá¶,,"Savage Roads: 35 Harley Blogs   There's nothing like the sound of a Harley Davidson getting fired up &amp; ready to hit the road. It‚Äôs a special sound &amp; if you've ever gone hog wild yourself, you know riding one is not just about a fine piece of machinery.    https://t.co/a17xj20WOT  https://t.co/Vu1Y6oh3lo",en,[],['https://thesavageroads.blogspot.com/2014/12/35-harley-blogs.html'],['https://pbs.twimg.com/media/EBYO7UcXUAUmubR.jpg'],1,1,8,[],[],https://twitter.com/patsavageband/status/1159130371163918336,False,,1,https://pbs.twimg.com/media/EBYO7UcXUAUmubR.jpg,,,,,,,[],,,,
1158862593509023752,1158862593509023752,2019-08-07 03:39:07 IST,2019-08-07,03:39:07,+0530,29975646,bpsandpieces,Phil Huber,,That sound you hear is sell-side analysts for Harley-Davidson feverishly drafting ‚ÄòFeral HOG‚Äô puns for their next research report,en,[],[],[],1,0,9,[],[],https://twitter.com/bpsandpieces/status/1158862593509023752,False,,0,,,,,,,,[],,,,
1154049869939482626,1154049869939482626,2019-07-24 20:55:04 IST,2019-07-24,20:55:04,+0530,61292961,seemacnbc,Seema Mody,,"Companies mentioning plans to move production out of China and source elsewhere during Q2 earnings: Harley Davidson (Thailand), iRobot (Malaysia), General Parts (many EMs), Hasbro (India, Vietnam). $HOG, $HAS, $IRBT, $GPC",en,[],[],[],0,5,12,[],"['hog', 'has', 'irbt', 'gpc']",https://twitter.com/seemacnbc/status/1154049869939482626,False,,0,,,,,,,,[],,,,
1153707079737237504,1153707079737237504,2019-07-23 22:12:57 IST,2019-07-23,22:12:57,+0530,707743584359882753,thepitboss16,ThePitBoss,,Harley Davidson Profit Lower But Positive Rider and Sales Forecasts $HOG $SPX #harleydavidson  https://t.co/Z6U5Zw3wJr  https://t.co/b6Kx4Y7J9g,en,[],['https://traderscommunity.com/index.php/stocks/earnings-reports/1623-harley-davidson-earnings-outlook'],['https://pbs.twimg.com/media/EALKeN3XYAEhNUj.png'],0,4,5,['harleydavidson'],"['hog', 'spx']",https://twitter.com/ThePitBoss16/status/1153707079737237504,False,,1,https://pbs.twimg.com/media/EALKeN3XYAEhNUj.png,,,,,,,[],,,,
1153645894715301890,1153645894715301890,2019-07-23 18:09:49 IST,2019-07-23,18:09:49,+0530,114782468,carlquintanilla,Carl Quintanilla,,Harley-Davidson retail sales:  * US down 8% * Europe down 12.5% * worldwide down 8.4%  $HOG   https://t.co/9sPi5bdA45,en,[],['https://www.bloomberg.com/news/articles/2019-07-23/harley-lowers-profit-margin-outlook-as-slump-spreads-to-europe'],[],16,32,40,[],['hog'],https://twitter.com/carlquintanilla/status/1153645894715301890,False,,0,,,,,,,,[],,,,
1152563936950149122,1152563936950149122,2019-07-20 18:30:30 IST,2019-07-20,18:30:30,+0530,2696709092,espncoastal,ESPN Coastal,,"Today all over South Georgia, live 12-4p from Harley-Davidson in #Savannah we're going to find out who has the best barbecue.   @ESPNCoastal's KING OF THE HOG CONTEST üêñ   Meet your celebrity JUDGES üíØ  https://t.co/PE4hVFma5G",en,"[{'screen_name': 'espncoastal', 'name': 'espn coastal', 'id': '2696709092'}]",[],['https://pbs.twimg.com/media/D_66r5QWwAENAsK.jpg'],0,5,9,['savannah'],[],https://twitter.com/ESPNCoastal/status/1152563936950149122,False,,1,https://pbs.twimg.com/media/D_66r5QWwAENAsK.jpg,,,,,,,[],,,,
1151325650738974726,1151325650738974726,2019-07-17 08:30:00 IST,2019-07-17,08:30:00,+0530,16665516,therealautoblog,Autoblog,,2020 Harley-Davidson LiveWire First Ride Review | This hog is shockingly good:  https://t.co/qgbQ8dqGu0  https://t.co/o5bOO1xfq0,en,[],['http://bit.ly/2kf8583'],['https://pbs.twimg.com/media/D_nRZMBXUAEbIIs.jpg'],4,6,42,[],[],https://twitter.com/therealautoblog/status/1151325650738974726,False,,1,https://pbs.twimg.com/media/D_nRZMBXUAEbIIs.jpg,,,,,,,[],,,,
1150097425601708032,1150097425601708032,2019-07-13 23:09:28 IST,2019-07-13,23:09:28,+0530,1099426984604491776,hogtucson,Tucson HOG Chapter,,"@whatsuptucson come out to Harley Davidson for our Hogs and dogs event! Enjoy hamburgers, hotdogs and watermelon and meet your local HOG chapter members. Don‚Äôt forget to feed the pig!  https://t.co/JT1MKYlO0X",en,[],[],['https://pbs.twimg.com/media/D_X3grlVAAYhIug.jpg'],1,3,7,[],[],https://twitter.com/HogTucson/status/1150097425601708032,False,,1,https://pbs.twimg.com/media/D_X3grlVAAYhIug.jpg,,,,,,,[],,,,
1149709105495465984,1149709105495465984,2019-07-12 21:26:25 IST,2019-07-12,21:26:25,+0530,99458922,dunyanews,Dunya News,,Harley-Davidson's electric Hog: 0 to 60 mph in 3 seconds  https://t.co/0Bwa5cusmi  https://t.co/aPYrUpXTeQ,en,[],['http://dunyanews.tv/en/Technology/500088-Harley-Davidson-electric-Hog-60-mph-3-seconds/'],['https://pbs.twimg.com/media/D_SWVtCX4AApeBU.jpg'],1,4,37,[],[],https://twitter.com/DunyaNews/status/1149709105495465984,False,,1,https://pbs.twimg.com/media/D_SWVtCX4AApeBU.jpg,,,,,,,[],,,,
1149457339402969089,1149457339402969089,2019-07-12 04:46:00 IST,2019-07-12,04:46:00,+0530,18999261,fox10phoenix,FOX 10 Phoenix,,The new Harley-Davidson LiveWire electric hog does 0-60 in 3 seconds.  https://t.co/8GTIY7CkLv  https://t.co/mkwv5HiBex,en,[],['http://bit.ly/2xMpN5W'],['https://pbs.twimg.com/media/D_OI1qSUcAArF55.jpg'],3,8,18,[],[],https://twitter.com/FOX10Phoenix/status/1149457339402969089,False,,1,https://pbs.twimg.com/media/D_OI1qSUcAArF55.jpg,,,,,,,[],,,,
1149432980554821632,1149432980554821632,2019-07-12 03:09:12 IST,2019-07-12,03:09:12,+0530,10648962,seattlepi,SeattlePI,,Harley-Davidson's electric Hog: 0-60 in 3 seconds  https://t.co/b2IJIStYbb,en,[],['https://trib.al/iTWwl7L'],[],0,2,5,[],[],https://twitter.com/seattlepi/status/1149432980554821632,False,,0,,,,,,,,[],,,,
1149347692906188801,1149347692906188801,2019-07-11 21:30:18 IST,2019-07-11,21:30:18,+0530,857693619406467072,gualestrit,Gualestrit,,"Harley Davidson anuncia LiveWire, la primera Harley el√©ctrica, desde $29,799.  $HOG  https://t.co/hap5YmAnEW",es,[],[],['https://pbs.twimg.com/media/D_NNoRlXkAEWIgG.jpg'],4,20,57,[],['hog'],https://twitter.com/gualestrit/status/1149347692906188801,False,,1,https://pbs.twimg.com/media/D_NNoRlXkAEWIgG.jpg,,,,,,,[],,,,
1149346887486595072,1149346887486595072,2019-07-11 21:27:06 IST,2019-07-11,21:27:06,+0530,114782468,carlquintanilla,Carl Quintanilla,,"$HOG  * HARLEY-DAVIDSON INC - ANNOUNCES HARLEY-DAVIDSON LIVEWIRE,  AN ALL-ELECTRIC MOTORCYCLE   * HARLEY-DAVIDSON INC - LIVEWIRE MSRP IS $29,799",en,[],[],[],5,7,13,[],['hog'],https://twitter.com/carlquintanilla/status/1149346887486595072,False,,0,,,,,,,,[],,,,
1149139830422421504,1149139830422421504,2019-07-11 07:44:20 IST,2019-07-11,07:44:20,+0530,830522446998499329,carsonklein_,car√ßon,,my c*ck               my harley davidson                     ü§ù ‚Äúwanna go for a ride on my hog ?‚Äù,en,[],[],[],0,1,5,[],[],https://twitter.com/carsonklein_/status/1149139830422421504,False,,0,,,,,,,,[],,,,
1141290883150700544,1141290883150700544,2019-06-19 15:55:25 IST,2019-06-19,15:55:25,+0530,2704294333,deitaone,*Walter Bloomberg,,HARLEY-DAVIDSON STRIKES PARTNERSHIP TO MAKE SMALL MOTORCYCLES IN CHINA $HOG,en,[],[],[],4,5,13,[],['hog'],https://twitter.com/DeItaone/status/1141290883150700544,False,,0,,,,,,,,[],,,,
1136595177911529472,1136595177911529472,2019-06-06 16:56:21 IST,2019-06-06,16:56:21,+0530,17467329,strokersdallas,Rick Fairless,,"Once upon a time, when I was 15 years old, I had a Racing Honda CL100. I used to ride it and dream that I was riding a Harley Davidson Hog! Now I‚Äôm dreaming that I was 15 again! #rickfairless #strokersdallas #punchwallygarage #beatleshaircut #turntheclockback  https://t.co/ud8sBpxuNW",en,[],[],['https://pbs.twimg.com/media/D8X_SkLX4AIBoDQ.jpg'],2,1,36,"['rickfairless', 'strokersdallas', 'punchwallygarage', 'beatleshaircut', 'turntheclockback']",[],https://twitter.com/strokersdallas/status/1136595177911529472,False,,1,https://pbs.twimg.com/media/D8X_SkLX4AIBoDQ.jpg,,,,,,,[],,,,
1135063154793205760,1135063154793205760,2019-06-02 11:28:39 IST,2019-06-02,11:28:39,+0530,256290737,jordanmocny,Jordan Mocny,,All these wild hog motherfuckers parking their tricycles at the party . Looking like a Harley Davidson convention. I scrape my leg on some pegs like I‚Äôm 13 (BARELY) and Vanessa got me wrapped up in the most jank ass thing I never needed ever.  https://t.co/y9VzIR6lrl,en,[],[],['https://pbs.twimg.com/media/D8CN6_EVsAUU08Z.jpg'],1,0,12,[],[],https://twitter.com/jordanmocny/status/1135063154793205760,False,,1,https://pbs.twimg.com/media/D8CN6_EVsAUU08Z.jpg,,,,,,,[],,,,
1130512372727259136,1130512372727259136,2019-05-20 22:05:28 IST,2019-05-20,22:05:28,+0530,114782468,carlquintanilla,Carl Quintanilla,,"We asked the Harley-Davidson CEO how tariffs are affecting capex decisions. (In their case, it‚Äôs forcing them to invest overseas in areas they don‚Äôt need.)   @SquawkAlley  @CNBC $HOG  https://t.co/EfCcGHikA0",en,"[{'screen_name': 'squawkalley', 'name': 'squawk alley', 'id': '562995991'}, {'screen_name': 'cnbc', 'name': 'cnbc', 'id': '20402945'}]",[],['https://pbs.twimg.com/media/D7Bh9oNWsAAcCJs.jpg'],1,7,13,[],['hog'],https://twitter.com/carlquintanilla/status/1130512372727259136,False,,1,https://pbs.twimg.com/media/D7Bh9oNWsAAcCJs.jpg,,,,,,,[],,,,
1129440638204825601,1129440638204825601,2019-05-17 23:06:46 IST,2019-05-17,23:06:46,+0530,99009424,dynamopro,Dynamo Pro,,History was made yesterday when Jaden Roller became the first ever winner of the Gateway Harley Davidson Hog Wild championship.  https://t.co/GHBafPpHCF,en,[],[],['https://pbs.twimg.com/media/D6yURUNW0AAwqv4.jpg'],10,1,13,[],[],https://twitter.com/DynamoPro/status/1129440638204825601,False,,1,https://pbs.twimg.com/media/D6yURUNW0AAwqv4.jpg,,,,,,,[],,,,
1127981853355331594,1127981853355331594,2019-05-13 22:30:05 IST,2019-05-13,22:30:05,+0530,22258623,jewelrymandave,David T. Salerno,,"Solid Sterling Silver Motorcycle Charm, Harley Davidson Charm, Rider, Hog, Bike, Cycle, Hell's Angels, Necklace Charm, Bracelet Charm, Biker  https://t.co/0Ct9C7C8Fn via @Etsy",en,"[{'screen_name': 'etsy', 'name': 'etsy', 'id': '11522502'}]",['https://etsy.me/2QaHmW5'],[],0,15,6,[],[],https://twitter.com/jewelrymandave/status/1127981853355331594,False,,0,,,,,,,,[],,,,
1126602060433117187,1126602060433117187,2019-05-10 03:07:17 IST,2019-05-10,03:07:17,+0530,22258623,jewelrymandave,David T. Salerno,,"Solid Sterling Silver Motorcycle Charm, Harley Davidson Charm, Rider, Hog, Bike, Cycle, Hell's Angels, Necklace Charm, Bracelet Charm, Biker  https://t.co/YydTv1zqmr via @Etsy",en,"[{'screen_name': 'etsy', 'name': 'etsy', 'id': '11522502'}]",['https://etsy.me/2VspECY'],[],0,8,6,[],[],https://twitter.com/jewelrymandave/status/1126602060433117187,False,,0,,,,,,,,[],,,,
1121015308616196096,1121015308616196096,2019-04-24 17:07:31 IST,2019-04-24,17:07:31,+0530,322456302,beursanalist,Corn√© van Zeijl,,"Trump zegt dat Harley Davidson het slachtoffer is van hoger EU import tarieven. Uuh meneer @realDonaldTrump HOG noemt in haar kwartaalbericht zelf de hogere staal en aluminium prijzen, veroorzaakt  door de tarieven die u heeft ingesteld.",nl,"[{'screen_name': 'realdonaldtrump', 'name': 'donald j. trump', 'id': '25073877'}]",[],[],2,2,13,[],[],https://twitter.com/beursanalist/status/1121015308616196096,False,,0,,,,,,,,[],,,,
1121000578530906112,1121000578530906112,2019-04-24 16:08:59 IST,2019-04-24,16:08:59,+0530,120242824,morganlbrennan,Morgan Brennan,,"ICYMI: Harley-Davidson CEO on trade, U.S. retail sales and the role electric motorcycles could play in ridesharing  $HOG  https://t.co/Pa3e2TUJOj",en,[],['https://www.cnbc.com/video/2019/04/23/harley-davidson-ceo-rate-of-decline-in-us-sales-is-slowing.html'],[],3,5,16,[],['hog'],https://twitter.com/MorganLBrennan/status/1121000578530906112,False,,0,,,,,,,,[],,,,
1120643713280151552,1120643713280151552,2019-04-23 16:30:56 IST,2019-04-23,16:30:56,+0530,1029424313164881921,behindthebid,Behind The Bid,,"Shewww.  71 companies reporting earnings today / last night.  Most notable are  Procter &amp; Gamble $PG, Coca-Cola $KO, Whirlpool $WHR, Harley-Davidson $HOG, Hasbro $HAS, Twitter $TWTR, United Technologies $UTX, Quest Diagnostics $DGX, JetBlue Airways $JBLU, Lockheed Martin $LMT",en,[],[],[],0,1,13,[],"['pg', 'ko', 'whr', 'hog', 'has', 'twtr', 'utx', 'dgx', 'jblu', 'lmt']",https://twitter.com/behindthebid/status/1120643713280151552,False,,0,,,,,,,,[],,,,
1120641529557782528,1120641529557782528,2019-04-23 16:22:15 IST,2019-04-23,16:22:15,+0530,59393368,livesquawk,LiveSquawk,,"Harley Davidson 1Q Earnings: $HOG -Adj EPS: 98C (est 85C) -Rev: $1.38B (est $1.22B)  -Gross Margin: 29.1% (est 31.1%) -Sees FY Motorcycle Shipments: 217,000 ‚Äì 222,000",en,[],[],[],0,10,5,[],['hog'],https://twitter.com/LiveSquawk/status/1120641529557782528,False,,0,,,,,,,,[],,,,
1112083616815812608,1112083616815812608,2019-03-31 01:36:10 IST,2019-03-31,01:36:10,+0530,2504002860,waelnoureldine,Wael Nour,,Really proud to be promoted to Harley Davidson Officer (H.O.G. Riyadh Chapter) @HOG_Riyadh @KSAHarley @harleydavidson  https://t.co/JK6FdbwLSx,en,"[{'screen_name': 'hog_riyadh', 'name': 'h.o.g. riyadh', 'id': '452042304'}, {'screen_name': 'ksaharley', 'name': 'harley-davidson ksa', 'id': '1419971948'}, {'screen_name': 'harleydavidson', 'name': 'harley-davidson', 'id': '17169239'}]",[],['https://pbs.twimg.com/media/D27qJp6WwAA1fVC.jpg'],7,1,17,[],[],https://twitter.com/Waelnoureldine/status/1112083616815812608,False,,1,https://pbs.twimg.com/media/D27qJp6WwAA1fVC.jpg,,,,,,,[],,,,
1110859255379382274,1110859255379382274,2019-03-27 16:30:59 IST,2019-03-27,16:30:59,+0530,804047711485902848,atf_officiel,American Tours Festival,,"üìπ VIDEO : HARLEY-DAVIDSON üìπ  Nous sommes fiers de compter @Harley_France comme partenaire de l' @atf_officiel !  Nous avons r√©cemment rencontr√© S√©phane Sahakian, HOG &amp; Events Manager pour la firme, qui nous parle de la marque et de son avenir, ainsi que du festival.  #atf19  https://t.co/eefhoTCwu2",fr,"[{'screen_name': 'harley_france', 'name': 'harley-davidson fr', 'id': '121127518'}, {'screen_name': 'atf_officiel', 'name': 'american tours festival', 'id': '804047711485902848'}]",[],[],0,4,13,['atf19'],[],https://twitter.com/atf_officiel/status/1110859255379382274,False,,1,https://pbs.twimg.com/ext_tw_video_thumb/1110855407185080323/pu/img/VOZXciNM5dyrY01x.jpg,,,,,,,[],,,,
1110031275807727616,1110031275807727616,2019-03-25 09:40:54 IST,2019-03-25,09:40:54,+0530,3016050581,baylor_brooks_,Baylor Brooks,,"Picked up the new hog this weekend. Few weeks time, shell be a head turner for sure! #projectcricket 2009 Harley Davidson Dyna street bob  https://t.co/XTrElDX1yr",en,[],[],[],2,0,11,['projectcricket'],[],https://twitter.com/baylor_brooks_/status/1110031275807727616,False,,1,https://pbs.twimg.com/ext_tw_video_thumb/1110030973520019457/pu/img/169K3dqPAViStkDd.jpg,,,,,,,[],,,,
1100141193244131328,1100141193244131328,2019-02-26 02:41:14 IST,2019-02-26,02:41:14,+0530,37960384,patsavageband,Pat Savage üá®üá¶,,"There really is nothing quite like the sound of a Harley Davidson motorcycle getting fired up and ready to hit the road. It‚Äôs a distinctive sound that once you hear, you are hooked. If you have ever gone hog wild, you understand what riding a Harley is    https://t.co/c0rb45MS3q",en,[],['http://thesavageroads.blogspot.com/2014/12/35-harley-blogs.html'],[],1,1,5,[],[],https://twitter.com/patsavageband/status/1100141193244131328,False,,0,,,,,,,,[],,,,
1097309478498783232,1097309478498783232,2019-02-18 07:09:01 IST,2019-02-18,07:09:01,+0530,458377940,jptrib1,Jacqueline,,Harley-Davidson (HOG) Profit Is Wiped Out by Trump‚Äôs Tariffs - Bloomberg  https://t.co/grzJ0NSRyq,en,[],['https://www.bloomberg.com/news/articles/2019-01-29/harley-profit-wiped-out-by-tariffs-as-sales-continue-slumping'],[],1,11,12,[],[],https://twitter.com/jptrib1/status/1097309478498783232,False,,0,,,,,,,,[],,,,
1095619287346233345,1095618269141237760,2019-02-13 15:12:48 IST,2019-02-13,15:12:48,+0530,149130005,bygeoffw,Geoff Whitehouse,,@OscarWGrut I like the 'related smart ones' Harley Davidson (HOG) and of course Olympic Steel (ZEUS) and Sotheby's (BID),en,[],[],[],1,1,6,[],[],https://twitter.com/ByGeoffW/status/1095619287346233345,False,,0,,,,,,,,"[{'screen_name': 'OscarWGrut', 'name': 'Oscar Williams-Grut', 'id': '275574802'}]",,,,
1091045354903097349,1091045354903097349,2019-02-01 00:17:37 IST,2019-02-01,00:17:37,+0530,3197770658,cooperchip1,GoldenRule1,,Harley-Davidson (HOG) Profit Is Wiped Out by Trump‚Äôs Tariffs - Bloomberg  https://t.co/J8fdFOX6yp,en,[],['https://www.bloomberg.com/news/articles/2019-01-29/harley-profit-wiped-out-by-tariffs-as-sales-continue-slumping'],[],0,8,8,[],[],https://twitter.com/cooperchip1/status/1091045354903097349,False,,0,,,,,,,,[],,,,
1090690533859696645,1090690533859696645,2019-01-31 00:47:41 IST,2019-01-31,00:47:41,+0530,21103888,johnwesleyshipp,John Wesley Shipp,,Harley-Davidson (HOG) Profit Is Wiped Out by Trump‚Äôs Tariffs - Bloomberg  https://t.co/f5CAvordOz,en,[],['https://www.bloomberg.com/news/articles/2019-01-29/harley-profit-wiped-out-by-tariffs-as-sales-continue-slumping'],[],3,5,20,[],[],https://twitter.com/JohnWesleyShipp/status/1090690533859696645,False,,0,,,,,,,,[],,,,
1090365881656455175,1090365881656455175,2019-01-30 03:17:38 IST,2019-01-30,03:17:38,+0530,22063600,joshuahol,Joshua Holland,,Harley-Davidson (HOG) Profit Is Wiped Out by Trump‚Äôs Tariffs - Bloomberg  https://t.co/RbXnGvae1I,en,[],['https://www.bloomberg.com/news/articles/2019-01-29/harley-profit-wiped-out-by-tariffs-as-sales-continue-slumping'],[],0,4,6,[],[],https://twitter.com/JoshuaHol/status/1090365881656455175,False,,0,,,,,,,,[],,,,
1090290734144634880,1090290734144634880,2019-01-29 22:19:02 IST,2019-01-29,22:19:02,+0530,301073375,mikedorning,Mike Dorning,,CASUALTY LIST: Harley-Davidson profits wiped out by Trump tariff war  https://t.co/qi8cDvfTbo @gablova via @business $HOG,en,"[{'screen_name': 'gablova', 'name': 'gabrielle coppola', 'id': '19693729'}, {'screen_name': 'business', 'name': 'bloomberg', 'id': '34713362'}]",['https://www.bloomberg.com/news/articles/2019-01-29/harley-profit-wiped-out-by-tariffs-as-sales-continue-slumping'],[],10,29,26,[],['hog'],https://twitter.com/MikeDorning/status/1090290734144634880,False,,0,,,,,,,,[],,,,
1090277607604596736,1090277607604596736,2019-01-29 21:26:52 IST,2019-01-29,21:26:52,+0530,30013010,kairyssdal,Kai Ryssdal,,Trade wars are good.  And easy to win.   Harley-Davidson (HOG) Profit Is Wiped Out by Trump‚Äôs Tariffs - Bloomberg  https://t.co/r5x5jiyAWH,en,[],['https://www.bloomberg.com/news/articles/2019-01-29/harley-profit-wiped-out-by-tariffs-as-sales-continue-slumping'],[],23,167,487,[],[],https://twitter.com/kairyssdal/status/1090277607604596736,False,,0,,,,,,,,[],,,,
1090258279429746688,1090258279429746688,2019-01-29 20:10:04 IST,2019-01-29,20:10:04,+0530,14886375,stocktwits,Stocktwits,,Did someone know Harley-Davidson $HOG was going to plummet after earnings? This:  https://t.co/FKXCfIDP2Z,en,[],['https://www.stocktwits.com/christopherbrecher/message/151956716'],[],2,5,8,[],['hog'],https://twitter.com/Stocktwits/status/1090258279429746688,False,,0,,,,,,,,[],,,,
1090244418379104256,1090244418379104256,2019-01-29 19:14:59 IST,2019-01-29,19:14:59,+0530,849319340818169856,bluff_capital,North Bluff Capital,,"$HOG Harley Davidson continues to struggle - a miss on EPS, miss on rev and co also missed guidance on shipments. -8.7% pre-market.  https://t.co/qAwdVwKoiH",en,[],[],"['https://pbs.twimg.com/media/DyFTVcsW0AMFPOB.jpg', 'https://pbs.twimg.com/media/DyFTVcvXgAA3MD_.jpg', 'https://pbs.twimg.com/media/DyFTVcvX4AAg1qO.jpg', 'https://pbs.twimg.com/media/DyFTVdOWkAAf4wh.jpg']",0,2,4,[],['hog'],https://twitter.com/bluff_capital/status/1090244418379104256,False,,1,https://pbs.twimg.com/media/DyFTVcsW0AMFPOB.jpg,,,,,,,[],,,,
1090232417284177920,1090232417284177920,2019-01-29 18:27:18 IST,2019-01-29,18:27:18,+0530,599362583,ungarino,Rebecca Ungarino,,"HARLEY-DAVIDSON: ""Operating margin as a percent of revenue decreased in the quarter due to restructuring charges, incremental tariffs and higher recall costs."" $hog",en,[],[],[],5,11,17,[],['hog'],https://twitter.com/ungarino/status/1090232417284177920,False,,0,,,,,,,,[],,,,
1090221729748795392,1090221729748795392,2019-01-29 17:44:50 IST,2019-01-29,17:44:50,+0530,104952689,lamonicabuzz,Paul R. La Monica,,Not high on the $HOG. Harley-Davidson‚Äôs sales fell and shipments look weak. No easy riding for the stock today. $HOG down 8% #premarket. üèç,en,[],[],[],27,33,69,['premarket'],"['hog', 'hog']",https://twitter.com/LaMonicaBuzz/status/1090221729748795392,False,,0,,,,,,,,[],,,,
1083533729836847106,1083533729836847106,2019-01-11 06:49:06 IST,2019-01-11,06:49:06,+0530,14763734,digitaltrends,Digital Trends,,Can Harley-Davidson‚Äôs electric LiveWire convince hog riders to go green?  https://t.co/IZJr7ePwZJ,en,[],['http://bit.ly/2PMsBL6'],[],5,8,22,[],[],https://twitter.com/DigitalTrends/status/1083533729836847106,False,,0,,,,,,,,[],,,,
1080140749667291137,1080140749667291137,2019-01-01 22:06:37 IST,2019-01-01,22:06:37,+0530,706226658349596672,jrp468002,John Harding,,"At Preston Harley Davidson today waiting to start the @redrosechapter HOG annual ride..called ""The Brass Monkey Ride"". A great short ride to Southport Carousel with a great bunch of mates! @WiganCouncil @LeighCLP @LeighFilm @DebraWailes @AtherleighAthe1 @JoPlattMP  https://t.co/FMoFzvLBcg",en,"[{'screen_name': 'redrosechapter', 'name': 'red rose chapter hog', 'id': '263348388'}, {'screen_name': 'wigancouncil', 'name': 'wigan council', 'id': '35697893'}, {'screen_name': 'leighclp', 'name': 'leigh clp', 'id': '3340729391'}, {'screen_name': 'leighfilm', 'name': 'leigh film - charity', 'id': '2610214483'}, {'screen_name': 'debrawailes', 'name': 'deb wailes', 'id': '3217556848'}, {'screen_name': 'atherleighathe1', 'name': 'atherleighlabour', 'id': '1040595162584559616'}]",[],['https://pbs.twimg.com/media/Dv1uOw3XQAANm3P.jpg'],0,1,11,[],[],https://twitter.com/JRP468002/status/1080140749667291137,False,,1,https://pbs.twimg.com/media/Dv1uOw3XQAANm3P.jpg,,,,,,,[],,,,
1078365989077741569,1078365989077741569,2018-12-28 00:34:21 IST,2018-12-28,00:34:21,+0530,281610530,varneyco,Varney & Co.,,"Sales of Harley-Davidson motorcycles have declined. Yesterday, Chris Cox, Bikers for Trump Founder, said they need to apologize to our president. Myke Shelby, San Diego Harley-Davidson Owner, didn't agree. See what he had to say... #HarleyDavidson $HOG  https://t.co/ui8Io6VpCj",en,[],[],[],34,38,204,['harleydavidson'],['hog'],https://twitter.com/Varneyco/status/1078365989077741569,False,,1,https://pbs.twimg.com/ext_tw_video_thumb/1078365657161498624/pu/img/i4lAi0wGmjGlxULA.jpg,,,,,,,[],,,,
1063563676626665472,1063563676626665472,2018-11-17 04:15:15 IST,2018-11-17,04:15:15,+0530,15568127,themotleyfool,The Motley Fool,,"Harley Davidson‚Äôs LiveWire electric motorcycle genuinely looks a sleek, sexy ride. But for it to succeed, it'll have to create a whole new breed of $HOG fans.  https://t.co/zNwV5D3nVy",en,[],['https://www.fool.com/investing/2018/11/15/for-harley-davidson-theres-opportunity-and-risk-in.aspx'],[],1,1,12,[],['hog'],https://twitter.com/themotleyfool/status/1063563676626665472,False,,0,,,,,,,,[],,,,
1062334778735804416,1062334778735804416,2018-11-13 18:52:03 IST,2018-11-13,18:52:03,+0530,1891046233,voxpodcast,Vox Markets Podcast,,On the Vox Markets Podcast Today:  https://t.co/roUjhvNDg7 Emmerson #EML Alan Green on Europa Metas #EUZ Andalas Energy &amp; Power #ADL Concurrent Technologies #CNC Harley Davidson ($HOG)  https://t.co/0dJT4JmRaI,en,[],['https://www.voxmarkets.co.uk/articles/emmerson-eml-and-alan-green-on-euz-adl-cnc-hog--5bf496e'],['https://pbs.twimg.com/media/Dr4rxruXgAATn-U.jpg'],0,4,7,"['eml', 'euz', 'adl', 'cnc']",[],https://twitter.com/VoxPodcast/status/1062334778735804416,False,,1,https://pbs.twimg.com/media/Dr4rxruXgAATn-U.jpg,,,,,,,[],,,,
1054721445388083201,1054721445388083201,2018-10-23 18:39:23 IST,2018-10-23,18:39:23,+0530,104257356,briansozzi,Brian Sozzi,,Harley Davidson CEO says on earnings call it has just opened a tech lab in Silicon Valley $HOG,en,[],[],[],0,1,8,[],['hog'],https://twitter.com/BrianSozzi/status/1054721445388083201,False,,0,,,,,,,,[],,,,
1054715101822050304,1054715101822050304,2018-10-23 18:14:10 IST,2018-10-23,18:14:10,+0530,2343227468,readkrystalhu,Krystal Hu,,Harley-Davidson U.S. retail sales were down 13.3% in the third quarter while EMEA up by 4.6%. President Trump tried to incite a boycott in August after the iconic motorcycle maker decided to move some production overseas because of tariffs. $HOG  https://t.co/gkA0sPkSrX,en,[],[],['https://pbs.twimg.com/media/DqMZKOIX0AAXkaT.jpg'],3,8,9,[],['hog'],https://twitter.com/readkrystalhu/status/1054715101822050304,False,,1,https://pbs.twimg.com/media/DqMZKOIX0AAXkaT.jpg,,,,,,,[],,,,
1053744712480284672,1053744712480284672,2018-10-21 01:58:11 IST,2018-10-21,01:58:11,+0530,60785805,bradwenzel,Brad Wenzel,,Harley Davidson shirts solve the problem of not being able to take your hog into CVS. Gotta let ‚Äòem know.,en,[],[],[],0,0,22,[],[],https://twitter.com/BradWenzel/status/1053744712480284672,False,,0,,,,,,,,[],,,,
1053703409302466565,1053703409302466565,2018-10-20 23:14:04 IST,2018-10-20,23:14:04,+0530,906328017986899968,the_chart_life,"Ian McMillan, CMT",,$HOG Harley-Davidson ...Bear flag.  https://t.co/912P2nTi4g,en,[],[],['https://pbs.twimg.com/media/Dp-BqoxWkAACi_R.jpg'],0,0,5,[],['hog'],https://twitter.com/the_chart_life/status/1053703409302466565,False,,1,https://pbs.twimg.com/media/Dp-BqoxWkAACi_R.jpg,,,,,,,[],,,,
1053690468133945344,1053690468133945344,2018-10-20 22:22:38 IST,2018-10-20,22:22:38,+0530,771507284128124928,expoocoa,Expo Ocoa,,"Ah√≠ vamos #ConstruyendoUnDestino y colocando la #MarcaProvincia #SanJoseDeOcoa en la posici√≥n que se merece, con trabajo y voluntad. #OcoaEsParaVivirlo Gracias @clubcepillos y equipo de Harley Davidson HOG. #Ecoturismo #Tourist #ElViajeContinua #DescubreRD #DescubreRD #Ocoa #SJO  https://t.co/eFbGqzF67Z",es,"[{'screen_name': 'clubcepillos', 'name': 'cdvwc', 'id': '961308476'}]",[],[],0,2,7,"['construyendoundestino', 'marcaprovincia', 'sanjosedeocoa', 'ocoaesparavivirlo', 'ecoturismo', 'tourist', 'elviajecontinua', 'descubrerd', 'descubrerd', 'ocoa', 'sjo']",[],https://twitter.com/ExpoOcoa/status/1053690468133945344,False,,1,https://pbs.twimg.com/ext_tw_video_thumb/1053689662907146240/pu/img/A3ZosNt9mwKhy2Zv.jpg,,,,,,,[],,,,
1053251648515178496,1053251648515178496,2018-10-19 17:18:56 IST,2018-10-19,17:18:56,+0530,898301664,michaelsantoli,Michael Santoli,,"Shares of both Ford and Harley-Davidson got downgrades today. That's the sound of analysts crying ""Uncle."" $F $HOG  https://t.co/kJE4eIjQjU",en,[],[],"['https://pbs.twimg.com/media/Dp3mmuZXcAI5Rnk.jpg', 'https://pbs.twimg.com/media/Dp3mnd2WwAEVqwd.jpg']",4,2,20,[],"['f', 'hog']",https://twitter.com/michaelsantoli/status/1053251648515178496,False,,1,https://pbs.twimg.com/media/Dp3mmuZXcAI5Rnk.jpg,,,,,,,[],,,,
1052425168251965441,1052425168251965441,2018-10-17 10:34:47 IST,2018-10-17,10:34:47,+0530,22258623,jewelrymandave,David T. Salerno,,"Solid Sterling Silver Motorcycle Charm, Harley Davidson Charm, Rider, Hog, Bike, Cycle, Hell's Angels, Necklace Charm, Bracelet Charm, Biker  https://t.co/VCWRsT84vM #jewelrymandave #Etsy #HogCharm  https://t.co/alI6qBXAVe",en,[],['http://tuppu.net/e80bb1ce'],['https://pbs.twimg.com/media/Dpr3HOWWsAEj5PO.jpg'],0,11,6,"['jewelrymandave', 'etsy', 'hogcharm']",[],https://twitter.com/jewelrymandave/status/1052425168251965441,False,,1,https://pbs.twimg.com/media/Dpr3HOWWsAEj5PO.jpg,,,,,,,[],,,,
1044977078658113536,1044977078658113536,2018-09-26 21:18:44 IST,2018-09-26,21:18:44,+0530,38160734,hogeurope,"HOGEurope,ME&Africa",,"The USA‚Äôs 115th Anniversary Celebrations Parade went through downtown Milwaukee on Sunday, September 9, 2018, and landed at the Harley-Davidson 115th Anniversary and HOG 35th Moto-Carnival at Veterans Park. Spectacular scenes!  https://t.co/XPtbNuGxtM",en,[],[],"['https://pbs.twimg.com/media/DoCBG1UWsAA_SC0.jpg', 'https://pbs.twimg.com/media/DoCBG_tX0AIslRp.jpg', 'https://pbs.twimg.com/media/DoCBHK_X0AA2XoI.jpg', 'https://pbs.twimg.com/media/DoCBHVDWsAA0CQV.jpg']",0,3,12,[],[],https://twitter.com/HOGEurope/status/1044977078658113536,False,,1,https://pbs.twimg.com/media/DoCBG1UWsAA_SC0.jpg,,,,,,,[],,,,
1038325383756697605,1038325383756697605,2018-09-08 12:47:17 IST,2018-09-08,12:47:17,+0530,38160734,hogeurope,"HOGEurope,ME&Africa",,"Saturday at European Bike Week ‚Äì Parade day! Get ready for the biggest parade of Harley-Davidson motorcycles in Europe. Line up from 10:00, Parade begins at 12:00. Let's ride! #EuropeanBikeWeek #HarleyDavidson #Parade #HOG #Faak #Villach #Austria  https://t.co/8lWxiK8mQg",en,[],[],"['https://pbs.twimg.com/media/DmjfbOcXgAEsjbk.jpg', 'https://pbs.twimg.com/media/DmjfbZfX0AArgTy.jpg', 'https://pbs.twimg.com/media/DmjfbuFW4AAPtsb.jpg']",0,5,21,"['europeanbikeweek', 'harleydavidson', 'parade', 'hog', 'faak', 'villach', 'austria']",[],https://twitter.com/HOGEurope/status/1038325383756697605,False,,1,https://pbs.twimg.com/media/DmjfbOcXgAEsjbk.jpg,,,,,,,[],,,,
1035254774151749634,1035254774151749634,2018-08-31 01:25:46 IST,2018-08-31,01:25:46,+0530,66824626,lin_anderson,Lin Anderson,,I've gone an done it and bought my own #HarleyDavidson! After great times with the wonderful Harley Davidson family with my book #SinsOfTheDead and the amazing rideout experience on Saturday at #ThunderInTheGlens ( https://t.co/6Zvk08fAtt) I just had to go the whole HOG !!!  https://t.co/7ElXgOCB5u,en,[],['http://bit.ly/2wnFArQ'],['https://pbs.twimg.com/media/Dl3097TW0AITdR8.jpg'],35,32,201,"['harleydavidson', 'sinsofthedead', 'thunderintheglens']",[],https://twitter.com/Lin_Anderson/status/1035254774151749634,False,,1,https://pbs.twimg.com/media/Dl3097TW0AITdR8.jpg,,,,,,,[],,,,
1035253972527980544,1035253972527980544,2018-08-31 01:22:35 IST,2018-08-31,01:22:35,+0530,14665491,milwaukeeart,Milwaukee Art Museum,,Welcome Harley-Davidson riders! Owners who show their HOG cards will receive 10% off at any of the Museum cafes through September 3!  https://t.co/OCXIbTiFdB,en,[],[],['https://pbs.twimg.com/media/Dl32AArUcAAY4cz.jpg'],0,5,10,[],[],https://twitter.com/MilwaukeeArt/status/1035253972527980544,False,,1,https://pbs.twimg.com/media/Dl32AArUcAAY4cz.jpg,,,,,,,[],,,,
1032998163009953793,1032998163009953793,2018-08-24 19:58:48 IST,2018-08-24,19:58:48,+0530,859795745372651526,annotatedmst,‚ô• Annotated MST ‚ô•,,"Crow: Boss hog.   üèçÔ∏è  Could be a double reference. Another term for ‚Äúchopper‚Äù (a modified, or ‚Äúchopped,‚Äù Harley Davidson motorcycle) is ‚Äúhog.‚Äù So ‚Äúboss hog‚Äù could mean...  üèçÔ∏è  MST3K Ep. 207 ~ Wild Rebels  https://t.co/JnykoGU46U",en,[],[],"['https://pbs.twimg.com/media/DlXyEXCUcAAKell.jpg', 'https://pbs.twimg.com/media/DlXyEXHVAAI3Cn0.jpg']",0,0,5,[],[],https://twitter.com/AnnotatedMST/status/1032998163009953793,False,,1,https://pbs.twimg.com/media/DlXyEXCUcAAKell.jpg,,,,,,,[],,,,
1032669312111312901,1032669312111312901,2018-08-23 22:12:04 IST,2018-08-23,22:12:04,+0530,468657693,urbanachievr,Christian Vanderbrouk,,S&amp;P Downgrades Harley-Davidson From A- To BBB+; Outlook Negative $HOG,en,[],[],[],0,3,6,[],['hog'],https://twitter.com/UrbanAchievr/status/1032669312111312901,False,,0,,,,,,,,[],,,,
1028982522728861696,1028626569475051522,2018-08-13 18:02:05 IST,2018-08-13,18:02:05,+0530,855228117119631361,realkellyjones,Kelly Morales,,"@realDonaldTrump @harleydavidson Sure wonder if all those bikers knew that Trump is selling out the HOG they rode in on.  American icon, Harley Davidson, is under pressure, faces boycott abd impossible decisions in Trump's no-win trade war.",en,[],[],[],1,2,41,[],[],https://twitter.com/RealKellyJones/status/1028982522728861696,False,,0,,,,,,,,"[{'screen_name': 'realDonaldTrump', 'name': 'Donald J. Trump', 'id': '25073877'}, {'screen_name': 'harleydavidson', 'name': 'Harley-Davidson', 'id': '17169239'}]",,,,
1025979042074255366,1025832084521119745,2018-08-05 11:07:20 IST,2018-08-05,11:07:20,+0530,1163905213,twwilsonjr,Thomas Wilson,,"@realDonaldTrump Tariffs levied by the United States and major trading partners are eating into the profits of Harley-Davidson (HOG), General Motors (GM), General Electric (GE), 3M (MMM) and hundreds of other companies. CEOs are scrambling. Higher prices on the way for consumers.",en,[],[],[],0,1,21,[],[],https://twitter.com/twwilsonjr/status/1025979042074255366,False,,0,,,,,,,,"[{'screen_name': 'realDonaldTrump', 'name': 'Donald J. Trump', 'id': '25073877'}]",,,,
1023927386767802368,1023927386767802368,2018-07-30 19:14:47 IST,2018-07-30,19:14:47,+0530,19546277,yahoofinance,Yahoo Finance,,"LIVE: Stocks to watch: Harley-Davidson, MGM Resorts, Alphabet and Tesla.  https://t.co/rvwnYltY4b $HOG $MGM $GOOG $TSLA  https://t.co/mH86BFK1Zt",en,[],['https://yhoo.it/2v0ATmX'],['https://pbs.twimg.com/media/DjW4h75WsAAG1ZG.jpg'],0,3,5,[],"['hog', 'mgm', 'goog', 'tsla']",https://twitter.com/YahooFinance/status/1023927386767802368,False,,1,https://pbs.twimg.com/media/DjW4h75WsAAG1ZG.jpg,,,,,,,[],,,,
1023668954525356032,1023668954525356032,2018-07-30 02:07:52 IST,2018-07-30,02:07:52,+0530,25163231,convertbond,Lawrence McDonald,,"Equity Market Capitalization  GM: $52B Ford: $40B Harley-Davidson: $7B Facebook One Day Loss: $120B  *GM, F, and HOG at $99B combined  Via @johnauthers",en,"[{'screen_name': 'johnauthers', 'name': 'john authers', 'id': '19654407'}]",[],[],1,23,27,[],[],https://twitter.com/Convertbond/status/1023668954525356032,False,,0,,,,,,,,[],,,,
1023111327202459650,1023111327202459650,2018-07-28 13:12:03 IST,2018-07-28,13:12:03,+0530,245719957,nthnorfolknews,North Norfolk News,,"Thousands of people are expected to visit Fakenham, Wells and Sheringham for the annual Harley Davidson Owner‚Äôs Group (HOG) rally today.  https://t.co/Sx9iIL25iP",en,[],['http://www.northnorfolknews.co.uk/hog-rally-2018-1-5627839'],[],1,1,6,[],[],https://twitter.com/nthnorfolknews/status/1023111327202459650,False,,0,,,,,,,,[],,,,
1022204842423541760,1022204842423541760,2018-07-26 01:10:00 IST,2018-07-26,01:10:00,+0530,14216123,jimcramer,Jim Cramer,,Harley-Davidson hasn't reached $HOG heaven yet for @JonMHellerCFA  https://t.co/xk9cQwECwR,en,"[{'screen_name': 'jonmhellercfa', 'name': 'jonathan heller', 'id': '427808187'}]",['http://bit.ly/2OcJX02'],[],4,2,11,[],['hog'],https://twitter.com/jimcramer/status/1022204842423541760,False,,0,,,,,,,,[],,,,
1021796551629258752,1021796551629258752,2018-07-24 22:07:36 IST,2018-07-24,22:07:36,+0530,978012088772775937,toubib4280,rolly melanson,,Harley-Davidson says Trump's trade war could take a $100 million bite out of its business each year (HOG)  https://t.co/iQbSaoW9uc  https://t.co/xST8ySz38P,en,[],['http://dlvr.it/Qccv8Q'],['https://pbs.twimg.com/media/Di4mjEgU0AED0Ts.jpg'],1,11,16,[],[],https://twitter.com/toubib4280/status/1021796551629258752,False,,1,https://pbs.twimg.com/media/Di4mjEgU0AED0Ts.jpg,,,,,,,[],,,,
1021753761285459969,1021753761285459969,2018-07-24 19:17:34 IST,2018-07-24,19:17:34,+0530,15110357,reutersbiz,Reuters Business,,JUST IN: Harley-Davidson shares up 3.3 percent after profit beats estimates  https://t.co/YAa4MHEyh0 $HOG  https://t.co/QOtfWNPdDH,en,[],['https://reut.rs/2uJ4SzY'],['https://pbs.twimg.com/media/Di3_oX8U0AA23fs.jpg'],0,13,29,[],['hog'],https://twitter.com/ReutersBiz/status/1021753761285459969,False,,1,https://pbs.twimg.com/media/Di3_oX8U0AA23fs.jpg,,,,,,,[],,,,
1021746823281532928,1021746823281532928,2018-07-24 18:50:00 IST,2018-07-24,18:50:00,+0530,56413858,foxbusiness,FOX Business,,Harley-Davidson profit tops estimates on overseas sales $HOG   https://t.co/jgDORVFJBW,en,[],['https://fxn.ws/2JOIHwS'],[],5,6,6,[],['hog'],https://twitter.com/FoxBusiness/status/1021746823281532928,False,,0,,,,,,,,[],,,,
1021745697073319936,1021745697073319936,2018-07-24 18:45:31 IST,2018-07-24,18:45:31,+0530,135441206,koalasicav,KOALA CAPITAL SICAV,,"Con los incrementos recientes, tenemos cerca del 7% de nuestra cartera en autos, un 9% si incluimos ademas motocicletas (Harley Davidson) y m√°s del 11% si incluimos empresas de compra-venta de coches #BMW #Volkswagen #MitsubishiMotors $HOG #VertuMotors #Motorpoint",es,[],[],[],1,4,12,"['bmw', 'volkswagen', 'mitsubishimotors', 'vertumotors', 'motorpoint']",['hog'],https://twitter.com/KOALASICAV/status/1021745697073319936,False,,0,,,,,,,,[],,,,
1021702779197444097,1021702779197444097,2018-07-24 15:54:59 IST,2018-07-24,15:54:59,+0530,15110357,reutersbiz,Reuters Business,,JUST IN: Harley Davidson profit drops by 6.4 percent  https://t.co/5FO2E7pN7g $HOG  https://t.co/gFbMou64cK,en,[],['https://reut.rs/2NIhWwv'],['https://pbs.twimg.com/media/Di3RQ0xW0AAE-Z6.jpg'],2,17,13,[],['hog'],https://twitter.com/ReutersBiz/status/1021702779197444097,False,,1,https://pbs.twimg.com/media/Di3RQ0xW0AAE-Z6.jpg,,,,,,,[],,,,
1021634174833369088,1021634174833369088,2018-07-24 11:22:22 IST,2018-07-24,11:22:22,+0530,1652541,reuters,Reuters,,Harley-Davidson to give investors a fresh look at the impact of trade conflicts and a strong dollar on its profits  https://t.co/vhCq6UvkPO by @rajeshkumarsgh $HOG  https://t.co/vjxv3wLRQD,en,"[{'screen_name': 'rajeshkumarsgh', 'name': 'rajesh kumar singh', 'id': '75029060'}]",['https://reut.rs/2uHUV5Q'],['https://pbs.twimg.com/media/Di2S3hRXgAEOuDf.jpg'],9,24,47,[],['hog'],https://twitter.com/Reuters/status/1021634174833369088,False,,1,https://pbs.twimg.com/media/Di2S3hRXgAEOuDf.jpg,,,,,,,[],,,,
1019333763594059776,1019333763594059776,2018-07-18 03:01:22 IST,2018-07-18,03:01:22,+0530,62153375,jackyljesse,jesse james dupree,,We are honored and excited to announce this one!  Playing the Friday night of the Harley-Davidson 115th Celebration in Milwaukee over Labor Day Weekend!    RSVP and mark your calendars now-- Jackyl at the H-D 115 &amp; HOG 35th Moto-Carnival,en,[],[],[],2,3,52,[],[],https://twitter.com/jackyljesse/status/1019333763594059776,False,,0,,,,,,,,[],,,,
1015728859927449600,1015672548615446534,2018-07-08 04:16:46 IST,2018-07-08,04:16:46,+0530,119496583,doug5007,Doug Tanney,,@EdKrassen Shawn - Harley was NOT bought out by Kawasaki. Harley Davidson is a independent company trading under the symbol of HOG. So where did you get this false information from - FAUX News? I'm a shareholder of Harley &amp; follow it closely. Trump's Tariffs are forcing Harley overseas.,en,[],[],[],1,7,38,[],[],https://twitter.com/Doug5007/status/1015728859927449600,False,,0,,,,,,,,"[{'screen_name': 'EdKrassen', 'name': 'Ed Krassenstein', 'id': '132339474'}]",,,,
1013540833394593792,1013540248318631936,2018-07-02 03:22:20 IST,2018-07-02,03:22:20,+0530,999399993738977280,michael84546622,Stellae Incognita,,@politico Think of all the Hog riders who will abandon Trump for attacking Harley-Davidson ...,en,[],[],[],1,1,8,[],[],https://twitter.com/Michael84546622/status/1013540833394593792,False,,0,,,,,,,,"[{'screen_name': 'politico', 'name': 'POLITICO', 'id': '9300262'}]",,,,
1013176942235934722,1013176942235934722,2018-07-01 03:16:21 IST,2018-07-01,03:16:21,+0530,827011405165559808,jay_usmc2,Mexi-'Can' Marineüí™üá∫üá∏üá≤üáΩ(FüñïU Reps!),,"Harley-Davidson's problems go much deeper than Trump's trade war (HOG)  https://t.co/MrKjWOayWo via @Yahoo Shares of Harley-Davidson already sank 8% this week after the motorcycle maker announced new tariffs from the European Union will cause a ""tremendous cost increase.",en,"[{'screen_name': 'yahoo', 'name': 'yahoo', 'id': '19380829'}]",['https://finance.yahoo.com/news/harley-davidson-apos-problems-much-163500855.html?soc_src=community&soc_trk=tw'],[],0,2,8,[],[],https://twitter.com/Jay_USMC2/status/1013176942235934722,False,,0,,,,,,,,[],,,,
1013108682257813504,1013108682257813504,2018-06-30 22:45:07 IST,2018-06-30,22:45:07,+0530,19546277,yahoofinance,Yahoo Finance,,Trump's rage towards Harley-Davidson is what happens when you pick winners and losers $HOG  https://t.co/99wBQxiqnq by @MylesUdland  https://t.co/TPORN4EQ5I,en,"[{'screen_name': 'mylesudland', 'name': 'myles udland', 'id': '62633125'}]",['https://yhoo.it/2MXFIEW'],['https://pbs.twimg.com/media/Dg9I-jxW4AAyQr-.jpg'],1,2,4,[],['hog'],https://twitter.com/YahooFinance/status/1013108682257813504,False,,1,https://pbs.twimg.com/media/Dg9I-jxW4AAyQr-.jpg,,,,,,,[],,,,
1013009066971553792,1013009066971553792,2018-06-30 16:09:17 IST,2018-06-30,16:09:17,+0530,11104872,patrickw,Patrick W. Watson,,Harley-Davidson has bigger problems that Trump tweets. FT summarizes nicely in three sentences. $HOG  https://t.co/Jpim62AMU7  https://t.co/fxQBCrzehb,en,[],['https://www.ft.com/content/8d55adbe-7b87-11e8-8e67-1e1a0846c475?desktop=true&segmentId=7c8f09b9-9b61-4fbb-9430-9208a9e233c8'],['https://pbs.twimg.com/media/Dg7uQHsUcAEzGiG.jpg'],1,2,12,[],['hog'],https://twitter.com/PatrickW/status/1013009066971553792,False,,1,https://pbs.twimg.com/media/Dg7uQHsUcAEzGiG.jpg,,,,,,,[],,,,
1012681815004532736,1012681815004532736,2018-06-29 18:28:54 IST,2018-06-29,18:28:54,+0530,949645952,rudnit,Jake Rudnitsky,,"Hog heaven? Lenin's hometown, the Russian rust belt city Ulyankovsk, has invited Harley Davidson to set up shop to dodge EU tariffs #TradeWar  https://t.co/Zs4yjtTqsJ",en,[],['https://twitter.com/lentaruofficial/status/1012681029654630400'],[],0,9,10,['tradewar'],[],https://twitter.com/Rudnit/status/1012681815004532736,False,https://twitter.com/lentaruofficial/status/1012681029654630400,0,,,,,,,,[],,,,
1012667768594935813,1012667768594935813,2018-06-29 17:33:05 IST,2018-06-29,17:33:05,+0530,1652541,reuters,Reuters,,Trump praises Taiwanese high-tech company Foxconn and vaguely threatens motorcycle maker Harley-Davidson on Wisconsin trip  https://t.co/CxSKAp5lcD by @jeffmason1 $HOG  https://t.co/uAWJsUKwSF,en,"[{'screen_name': 'jeffmason1', 'name': 'jeff mason', 'id': '120180668'}]",['https://reut.rs/2tF917f'],['https://pbs.twimg.com/media/Dg239_gW4AA0vlo.jpg'],14,31,24,[],['hog'],https://twitter.com/Reuters/status/1012667768594935813,False,,1,https://pbs.twimg.com/media/Dg239_gW4AA0vlo.jpg,,,,,,,[],,,,
1012607372928409606,1012607372928409606,2018-06-29 13:33:05 IST,2018-06-29,13:33:05,+0530,15110357,reutersbiz,Reuters Business,,'Don‚Äôt get cute with us': Trump vaguely threatens motorcycle maker Harley-Davidson on Wisconsin trip  https://t.co/8yrY4keied via @jeffmason1 $HOG  https://t.co/A3aNZChM3y,en,"[{'screen_name': 'jeffmason1', 'name': 'jeff mason', 'id': '120180668'}]",['https://reut.rs/2yTw831'],['https://pbs.twimg.com/media/Dg2BCdMU8AEsoxu.jpg'],2,3,7,[],['hog'],https://twitter.com/ReutersBiz/status/1012607372928409606,False,,1,https://pbs.twimg.com/media/Dg2BCdMU8AEsoxu.jpg,,,,,,,[],,,,
1012607115448418304,1012607115448418304,2018-06-29 13:32:04 IST,2018-06-29,13:32:04,+0530,1652541,reuters,Reuters,,'Don‚Äôt get cute with us': Trump vaguely threatens motorcycle maker Harley-Davidson on Wisconsin trip  https://t.co/bGRIP8EQyj by @jeffmason1 $HOG  https://t.co/NWiaz6gBaU,en,"[{'screen_name': 'jeffmason1', 'name': 'jeff mason', 'id': '120180668'}]",['https://reut.rs/2KhFrPC'],['https://pbs.twimg.com/media/Dg2AzhBWsAAVokw.jpg'],13,26,34,[],['hog'],https://twitter.com/Reuters/status/1012607115448418304,False,,1,https://pbs.twimg.com/media/Dg2AzhBWsAAVokw.jpg,,,,,,,[],,,,
